algorithm_name,learning_rate,below_thresh_iter
Muon,0.001,-1
Muon,0.0016681005372000592,-1
Muon,0.0027825594022071257,7600
Muon,0.004641588833612777,4600
Muon,0.007742636826811269,3100
Muon,0.01291549665014884,3100
Muon,0.021544346900318832,-1
Muon,0.03593813663804626,-1
Muon,0.05994842503189409,-1
Muon,0.1,-1
