algorithm_name,learning_rate,below_thresh_iter
F-NeonMuon,0.049999999999999996,2300
F-NeonMuon,0.05946035575013605,-1
F-NeonMuon,0.07071067811865475,-1
F-NeonMuon,0.08408964152537145,-1
F-NeonMuon,0.1,-1
