algorithm_name,learning_rate,below_thresh_iter
NSGD,0.01,-1
NSGD,0.016681005372000592,8800
NSGD,0.027825594022071243,6600
NSGD,0.046415888336127774,5400
NSGD,0.0774263682681127,4900
NSGD,0.1291549665014884,5300
NSGD,0.21544346900318834,9100
NSGD,0.3593813663804626,-1
NSGD,0.5994842503189409,-1
NSGD,1.0,-1
