algorithm_name,learning_rate,below_thresh_iter
F-Muon,0.001,-1
F-Muon,0.0016681005372000592,-1
F-Muon,0.0027825594022071257,-1
F-Muon,0.004641588833612777,7900
F-Muon,0.007742636826811269,4800
F-Muon,0.01291549665014884,3000
F-Muon,0.021544346900318832,2700
F-Muon,0.03593813663804626,2400
F-Muon,0.05994842503189409,-1
F-Muon,0.1,-1
